,track,album,album_cover,artist,sample,release_date,length,popularity,acousticness,danceability,energy,instrumentalness,liveness,loudness,speechiness,tempo,time_signature,lyrics
0,De Musica Ligera,Cancion Animal (Remastered),https://i.scdn.co/image/ab67616d0000b273c451ed28353639e79b4d97d9,Soda Stereo,https://p.scdn.co/mp3-preview/710180295b74d2f32719eb8a813cce0a4636046b?cid=b1e13d47b67249bda69ed912bb4f7133,1990-10-09,212746,71,0.000633,0.537,0.748,0.557,0.272,-6.392,0.0282,124.24,4," 
 
  
 ella durmio al calor de las masas 
 y yo desperte queriendo sonarla 
 algun tiempo atras pense en escribirle 
 que nunca sortee las trampas del amor 
 
  
 de aquel amor de musica ligera 
 nada nos libra nada mas queda 
  
 
  
 no le enviare cenizas de rosas 
 ni pienso evitar un roce secreto 
 
  
 de aquel amor de musica ligera 
 nada nos libra nada mas queda  
 
  
 
  
 de aquel amor de musica ligera 
 nada nos libra nada mas queda 
 nada mas 
 
  
 nada mas queda nada mas queda 
 nada mas queda nada mas queda"
1,Nada Personal,Nada Personal (Remastered),https://i.scdn.co/image/ab67616d0000b273e28947f6ad2f100af9c1965a,Soda Stereo,https://p.scdn.co/mp3-preview/3ec755ec24e1eae0895830f5ca8802172420ad8d?cid=b1e13d47b67249bda69ed912bb4f7133,1985-10-09,292573,63,0.423,0.762,0.939,0.139,0.119,-4.826,0.0487,124.398,4," 
 
  
 comunicacion sin emocion 
 una voz en off con expresion deforme 
 busco algo que me saque este mareo 
 busco calor en esa imagen de video 
 
  
 nada  nada personal  
 nada  nada personal 
  
 ella no puede pensar esta aburrida 
 de tanto simular cayo dormida 
 busco en tv algun mensaje entre lineas 
 busco alguien que sacuda mi cabeza 
 y no encuentro nada 
 
  
 nada  nada personal  
 nada  nada personal 
 nada especial 
 
  
 
  
 sinceramente 
 seria tan bueno tocarte 
 pero es inutil 
 tu cuerpo es de latex 
 no siento nada 
 
  
 nada  nada personal  
 nada  nada personal 
 nada  nada personal  
 nada  nada personal 
 nada especial  
 nada  
  
  
 nada personal 
  
  
 nada  
 nada nada 
  
 nada personal  
  
 nada nada 
  
  
  
 nada personal nada especial"
2,Profugos,Signos (Remastered),https://i.scdn.co/image/ab67616d0000b2734a6f5598c41e77ae78cab725,Soda Stereo,https://p.scdn.co/mp3-preview/03dcc762ffce93f6badfea0f7311fa21b1754127?cid=b1e13d47b67249bda69ed912bb4f7133,1986-10-09,317613,61,0.00268,0.551,0.895,0.0402,0.299,-4.267,0.0391,127.221,4," 
 
  
 somos complices los dos 
 al menos se que huyo porque amo 
 necesito distension 
 estar asi despierto es un delirio de condenados 
 
  
 como un efecto residual 
 yo siempre tomare el desvio 
 tus ojos nunca mentiran 
 pero ese ruido blanco es una alarma en mis oidos 
  
 no seas tan cruel 
 no busques mas pretextos 
 no seas tan cruel   
 siempre seremos profugos 
 los dos 
  
 
  
 no tenemos donde ir 
 somos como un area desbastada 
 carreteras sin sentido 
 religiones sin motivo 
 ?como podremos sobrevivir? 
 
  
 no seas tan cruel 
 no busques mas pretextos 
 no seas tan cruel   
 siempre seremos siempre seremos profugos 
 los dos 
  
 
  
   
 ven no seas tan cruel 
 no busques mas pretextos 
 no seas tan cruel 
 siempre seremos profugos   
 oh   
 siempre seremos profugos 
 ooh   
 ooh ooh-oh 
 
  
 siempre seremos   
 "
3,Juegos De Seduccion,Nada Personal (Remastered),https://i.scdn.co/image/ab67616d0000b273e28947f6ad2f100af9c1965a,Soda Stereo,https://p.scdn.co/mp3-preview/66feceade8623e7194f1eb6b7f8d8e5724eaf5b4?cid=b1e13d47b67249bda69ed912bb4f7133,1985-10-09,198106,60,0.0993,0.61,0.893,0.0224,0.0929,-4.589,0.0466,100.934,4,
4,Cuando Pase El Temblor,Nada Personal (Remastered),https://i.scdn.co/image/ab67616d0000b273e28947f6ad2f100af9c1965a,Soda Stereo,https://p.scdn.co/mp3-preview/f18734d577e5caf461709ea02c2f810a3c359632?cid=b1e13d47b67249bda69ed912bb4f7133,1985-10-09,229160,69,0.0314,0.652,0.607,0.00285,0.0721,-8.657,0.0368,94.089,4," 
 
  
 yo caminare entre las piedras 
 hasta sentir el temblor en mis piernas 
 a veces tengo temor lo se 
 a veces verguenza ooh-oh 
 
  
 estoy sentado en un crater desierto 
 sigo aguardando el temblor en mi cuerpo 
 nadie me vio partir lo se 
 nadie me espera 
  
 hay una grieta en mi corazon 
 un planeta con desilusion 
 
  
 se que te encontrare en esas ruinas 
 ya no tendremos que hablar  
 del temblor 
 te besare en el temblor  
 sera un buen momento 
 
  
 hay una grieta en mi corazon 
 un planeta con desilusion 
 
  
 el temblor 
  cuando pase el temblor 
  cuando pase el temblor 
  cuando pase el temblor 
 despiertame 
 despiertame cuando pase el temblor"
5,Tratame Suavemente,Soda Stereo (Remastered),https://i.scdn.co/image/ab67616d0000b2738fd9b16eb6bdd20c95717258,Soda Stereo,https://p.scdn.co/mp3-preview/f9265c0ba51638c9b96c4b293b53e473c52d563a?cid=b1e13d47b67249bda69ed912bb4f7133,1984-02-06,200800,69,0.043,0.738,0.8,0.0543,0.595,-3.366,0.0283,122.858,4," 
 
  
 alguien me ha dicho que la soledad se esconde tras tus ojos 
 y que tu blusa atora sentimientos que respiras 
 tenes que comprender que no puse tus miedos donde estan guardados 
 y que no podre quitartelos si al hacerlo me desgarras 
 
  
 no quiero sonar mil veces las mismas cosas 
 ni contemplarlas sabiamente 
 quiero que me trates suavemente 
  
 te comportas de acuerdo 
 con lo que te dicta cada momento 
 y esta inconstancia no es algo heroico 
 es mas bien algo enfermo 
 
  
 no quiero sonar mil veces las mismas cosas 
 ni contemplarlas sabiamente 
 quiero que me trates suavemente 
 
  
 
  
 no quiero sonar mil veces las mismas cosas 
 ni contemplarlas sabiamente 
 quiero que me trates suavemente 
 quiero que me trates suavemente 
 quiero que me trates suavemente 
 
  
 suavemente suavemente suavemente"
6,Signos,Signos (Remastered),https://i.scdn.co/image/ab67616d0000b2734a6f5598c41e77ae78cab725,Soda Stereo,https://p.scdn.co/mp3-preview/ffe8c4a17ae67382770c7b87c81d2af5f302e6ad?cid=b1e13d47b67249bda69ed912bb4f7133,1986-10-09,315346,57,0.402,0.633,0.647,0.0365,0.101,-8.658,0.0333,125.008,4," 
 
  
 no hay un modo 
 no hay un punto exacto 
 te doy todo 
 y siempre guardo algo 
 
  
 si estas oculta 
 ?como sabre quien eres? 
 me amas a oscuras 
 duermes envuelta en redes 
  
 signos 
 mi parte insegura 
 bajo una luna hostil 
 signos oh 
 
  
 mar de fondo 
 no caere en la trampa 
 llamame pronto 
 acertijos bajo el agua 
 
  
 si algo cedes 
 calmare tu histeria 
 con los dientes 
 rasgare tus medias 
 
  
 signos 
 mi parte insegura 
 bajo una luna hostil 
 signos oh 
 signos 
 uniendo fisuras 
 figuras sin definir 
 signos oh-oh  
 
  
 signos 
 mi parte insegura 
 bajo una luna hostil 
 signos oh 
 signos 
 uniendo fisuras 
 figuras sin definir 
 signos ooohhh"
7,En la Ciudad de la Furia,Comfort Y Musica Para Volar,https://i.scdn.co/image/ab67616d0000b2733875f29a2a8234ac7ef2706a,Soda Stereo,https://p.scdn.co/mp3-preview/a1cd8a860d35cd2ce9f6ddba48c0a690c5b1b19b?cid=b1e13d47b67249bda69ed912bb4f7133,1996-09-01,522000,58,0.415,0.361,0.519,0.057,0.845,-10.02,0.0597,170.604,4," 
 
  
 me veras volar por la ciudad de la furia 
 donde nadie sabe de mi y yo soy parte de todos 
 nada cambiara con un aviso de curva 
 en sus caras veo el temor ya no hay fabulas en la ciudad de la furia 
 
  
 me veras caer como un ave de presa 
 me veras caer sobre terrazas desiertas oh 
 te desnudare por las calles azules 
 me refugiare antes que todos despierten 
  
 me dejaras dormir al amanecer 
 entre tus piernas entre tus piernas 
 sabras ocultarme bien y desaparecer 
 entre la niebla entre la niebla 
 
  
 un hombre alado extrana la tierra 
 
  
 me veras volar por la ciudad de la furia 
 donde nadie sabe de mi y yo soy parte de todo 
 por la luz del sol se derriten mis alas 
 solo encuentro en la oscuridad lo que me une con la ciudad de la furia 
 
  
 me veras caer como una flecha salvaje 
 me veras caer entre vuelos fugaces oh 
 buenos aires se ve tan susceptible 
 ese destino de furia es lo que en sus caras persiste 
 
  
 me dejaras dormir al amanecer 
 entre tus piernas entre tus piernas 
 sabras ocultarme bien y desaparecer 
 entre la niebla entre la niebla  
 un hombre alado prefiere la noche 
  
 
  
 me veras volver 
 me veras volver 
 a la ciudad de la furia"
8,Un Millon De Anos Luz,Cancion Animal (Remastered),https://i.scdn.co/image/ab67616d0000b273c451ed28353639e79b4d97d9,Soda Stereo,https://p.scdn.co/mp3-preview/aa49acdf034c6fc9b4d0578b5d99213f926f2013?cid=b1e13d47b67249bda69ed912bb4f7133,1990-10-09,304053,55,0.0122,0.531,0.751,0.00396,0.396,-7.566,0.0251,95.215,4," 
 
  
 no vuelvas 
 no vuelvas sin razon 
 no vuelvas 
 estare a un millon de anos luz 
 
  
 y cuando el mundo enmudece 
 y las promesas enganan 
 nos revolcamos en el jardin por donde nadie pasa 
 del fuego vino el diluvio 
 la nave vuelve a partir 
 y mi alimento son las cenizas de una noche larga 
  
 no vuelvas 
 no vuelvas sin razon 
 no vuelvas 
 yo estare a un millon de anos luz de casa 
 
  
 de las historias pasadas 
 ya no me aturde saber 
 que ella conoce mi perversion en una noche larga 
 y esta noche es larga  
 
  
 no vuelvas sin razon 
 no vuelvas 
 estare a un millon de anos luz de casa 
 
  
 no vuelvas 
 estare a un millon de anos luz de casa 
 no vuelvas no vuelvas 
 estare a un millon de anos luz de casa 
 no vuelvas no vuelvas 
 estare a un millon de anos luz de casa 
 no vuelvas no vuelvas ah 
 estare a un millon de anos luz de casa"
9,Persiana Americana,Signos (Remastered),https://i.scdn.co/image/ab67616d0000b2734a6f5598c41e77ae78cab725,Soda Stereo,https://p.scdn.co/mp3-preview/b57de7b531399d2aa9dc6d1b58cfa9e82cd19427?cid=b1e13d47b67249bda69ed912bb4f7133,1986-10-09,292266,67,0.0121,0.603,0.929,0.00217,0.131,-4.549,0.0407,101.208,4," 
 
  
 te prefiero fuera de foco 
 inalcanzable 
 yo te prefiero irreversible 
 casi intocable 
 
  
 tus ropas caen lentamente 
 soy un espia un espectador 
 y el ventilador desgarrandote 
 se que te excita pensar hasta donde llegare 
  
 es dificil de creer 
 creo que nunca lo podre saber 
 solo asi yo te vere 
 a traves de mi persiana americana 
 
  
 es una condena agradable 
 el instante previo 
 es como un desgaste una necesidad 
 mas que un deseo 
 
  
 estamos al borde de la cornisa 
 casi a punto de caer 
 no sientes miedo sigues sonriendo 
 se que te excita pensar hasta donde llegare 
 
  
 es dificil de creer 
 creo que nunca lo podre saber 
 solo asi yo te vere 
 a traves de mi persiana americana eh 
 
  
   
 tus ropas caen lentamente 
 soy un espia un espectador 
 y el ventilador desgarrandote 
 se que te excita pensar hasta donde llegare 
 
  
 es dificil de creer 
 creo que nunca lo podre saber 
 solo asi yo te vere 
 a traves de mi persiana americana  eh 
 lo que pueda suceder 
 no gastes fuerzas para comprender 
 solo asi yo te vere 
 a traves de mi persiana americana !hoo 
 dificil de creer  
 creo que nunca lo podre saber 
 solo asi  yo te vere  
 a traves de mi persiana americana eh 
 dificil dificil de creer  
 creo que nunca lo podre saber  
 solo asi yo te vere 
 a traves de mi persiana americana 
 
  
 oooh uuh 
  solo asi yo te vere 
 a traves de mi persiana americana "
10,Corazon Delator,Doble Vida (Remastered),https://i.scdn.co/image/ab67616d0000b27382cf3a9e2e2b6b1b3f994d38,Soda Stereo,https://p.scdn.co/mp3-preview/9a59e65ba612fc1e0c5a732d1d1122205b7b6f5b?cid=b1e13d47b67249bda69ed912bb4f7133,1988-10-09,312840,53,0.0643,0.565,0.632,0.221,0.397,-6.994,0.0274,85.317,4," 
 
  
 un senuelo 
 hay algo oculto en cada sensacion 
 ella parece sospechar parece descubrir 
 en mi debilidad 
 los vestigios de una hoguera 
 oh mi corazon se vuelve delator 
 traicionandome 
  
 por descuido 
 fui victima de todo alguna vez 
 ella lo puede percibir ya nada puede impedir 
 en mi fragilidad 
 es el curso de las cosas 
 oh mi corazon se vuelve delator 
 se abren mis esposas 
 
  
 un suave latigo una premonicion 
 dibujan llagas en las manos 
 un dulce palpito la clave intima 
 se van cayendo de mis labios 
  
 
  
 un senuelo 
 hay algo oculto en cada sensacion  
 ella parece sospechar parece descubrir 
 en mi que aquel amor 
 es como un oceano de fuego 
 oh mi corazon se vuelve delator 
 la fiebre volvera de nuevo 
 
  
 un suave latigo una premonicion 
 dibujan llagas en las manos 
 un dulce palpito la clave intima 
 se van cayendo de mis labios  
 como un mantra de mis labios 
 !de mis labios oh-oh 
 
 "
11,Entre Canibales,Cancion Animal (Remastered),https://i.scdn.co/image/ab67616d0000b273c451ed28353639e79b4d97d9,Soda Stereo,https://p.scdn.co/mp3-preview/3113e120f9080d4d1a12648786b2073d91136f6b?cid=b1e13d47b67249bda69ed912bb4f7133,1990-10-09,246693,56,0.00559,0.551,0.608,0.0143,0.137,-10.231,0.0277,112.318,4," 
 
 una eternidad 
 espere este instante 
 y no lo dejare deslizar 
 en recuerdos quietos 
 ni en balas rasantes 
 que matan... 
 
  
 ah... come de mi come de mi carne 
 ah... entre canibales 
 ah... tomate el tiempo en desmenuzarme 
 ah... entre canibales 
  
 entre canibales 
 el dolor es veneno nena 
 y no lo sentiras hasta el fin 
 mientras te muevas lento 
 y jadees el nombre 
 que mata... 
 
  
 ah... come de mi come de mi carne 
 ah... entre canibales 
 ah... tomate el tiempo en desmenuzarme 
 ah... entre canibales 
 
  
 una eternidad 
 espere este instante"
12,Cancion Animal,Cancion Animal (Remastered),https://i.scdn.co/image/ab67616d0000b273c451ed28353639e79b4d97d9,Soda Stereo,https://p.scdn.co/mp3-preview/e7fdf72936506aee9ddd3d7ae14bf42d96d4fde6?cid=b1e13d47b67249bda69ed912bb4f7133,1990-10-09,247453,54,0.000848,0.635,0.789,0.00348,0.331,-6.815,0.0244,105.119,4," 
 
  
 hipnotismo de un flagelo 
 dulce tan dulce 
 cuero piel y metal 
 carmin y charol 
 
  
 cuando el cuerpo no espera lo que llaman amor 
  
 cada lagrima de hambre 
 el mas puro nectar 
 nada mas dulce 
 que el deseo en cadenas 
 
  
 cuando el cuerpo no espera lo que llaman amor 
 mas se pide y se vive 
 cancion animal cancion animal 
 
  
 no me sirven las palabras gemir es mejor 
 
  
 cuando el cuerpo no espera lo que llaman amor 
 mas se pide y se vive 
 cancion animal cancion animal 
 mas se pide y se vive  
 mas se pide y se vive 
 cancion animal cancion animal"
13, El Septimo Dia,Cancion Animal (Remastered),https://i.scdn.co/image/ab67616d0000b273c451ed28353639e79b4d97d9,Soda Stereo,https://p.scdn.co/mp3-preview/5c632d2216cf458e6afc8e2f5ecd2f2c18f5b2a5?cid=b1e13d47b67249bda69ed912bb4f7133,1990-10-09,263280,51,0.0018,0.582,0.864,0.000578,0.17,-6.356,0.026,106.191,1,
14,Sobredosis de T.V.,Soda Stereo (Remastered),https://i.scdn.co/image/ab67616d0000b2738fd9b16eb6bdd20c95717258,Soda Stereo,https://p.scdn.co/mp3-preview/df86f5cbe565a7eed6099e7e3469aa15c3bb6673?cid=b1e13d47b67249bda69ed912bb4f7133,1984-02-06,249053,53,0.0313,0.764,0.797,0.327,0.0554,-3.691,0.0336,124.72,4,
15,El Rito,Signos (Remastered),https://i.scdn.co/image/ab67616d0000b2734a6f5598c41e77ae78cab725,Soda Stereo,https://p.scdn.co/mp3-preview/fd5fda632a208fda1c996a31a691f57380c642c9?cid=b1e13d47b67249bda69ed912bb4f7133,1986-10-09,366266,53,0.0201,0.677,0.792,0.0397,0.107,-6.089,0.0287,119.223,4," 
 
  
 ooh ooh ooh ooh 
 ooh ooh ooh ooh 
 ooh ooh ooh ooh 
 ooh ooh ooh 
 
  
 soy un profanador 
 estoy desafiando al tiempo 
 ya ves mi transgresion 
 es procurar tenerte 
 el cielo entiende que mi obsesion 
 esta llegando a un limite 
 el desierto al menos hoy 
 no parece no parece tan 
  
 sueles encontrarme en cualquier lugar 
 y ya lo sabes nada es casualidad   
 tu misteriosa forma me lastimara   
 pero a cada segundo estare mas cerca 
 mas mas 
 
  
 paralizandome 
 jamas podre esperarte 
 y no tengo porque esperar 
 en un altar de sacrificios 
 solo meterme en tu ritual y descifrar tu enigma 
 tal vez no hablar de mas 
 el silencio no es tiempo perdido 
 
  
 sueles encontrarme en cualquier lugar 
 y ya lo sabes nada es casualidad   
 tu misteriosa forma me lastimara   
 pero a cada segundo estare mas cerca 
 mas mas 
 ooh ooh ooh 
 
  
 desafiando al rito 
 destruyendo mitos  
  
  
  
  
 
  
 sueles encontrarme en cualquier lugar 
 y ya lo sabes nada es casualidad   
 tu misteriosa forma me lastimara   
 pero a cada segundo estare mas cerca 
 mas mas 
 ooh ooh ooh 
 
  
 desafiando al rito 
 destruyendo mitos 
 desafiando al rito 
 destruyendo mitos !hey 
 
  
 ooh !hey hey"
16,Ella Uso Mi Cabeza Como Un Revolver,Comfort Y Musica Para Volar,https://i.scdn.co/image/ab67616d0000b2733875f29a2a8234ac7ef2706a,Soda Stereo,https://p.scdn.co/mp3-preview/621389921e18ab562a6c483452722450e4c85e89?cid=b1e13d47b67249bda69ed912bb4f7133,1996-09-01,364493,50,0.00284,0.396,0.764,0.0128,0.708,-7.348,0.0342,82.858,4," 
 
  
 ella uso mi cabeza como un revolver 
 e incendio mi conciencia con sus demonios 
 me vi llegando tarde tarde a todo 
 despues de un bano cerebral 
 estaba listo para ser amado 
 
  
 pasa el tiempo y ahora creo que 
 el vacio es un lugar normal 
 
  
 ella uso mi cabeza como un revolver 
 
  
 no creerias las cosas que he hecho por ella 
 cobardemente pero sin verguenza 
 era una piedra en el agua seca por dentro 
 asi se siente cuando la verdad 
 es la palabra sometida 
 
  
 fui tan docil como un guante 
 y tan sincero como pude  
 ella uso mi cabeza como un revolver 
 
  
 no creerias las cosas 
 que he hecho por ella"
17,Lo Que Sangra ,Doble Vida (Remastered),https://i.scdn.co/image/ab67616d0000b27382cf3a9e2e2b6b1b3f994d38,Soda Stereo,https://p.scdn.co/mp3-preview/46cb48c7155786dfdedd8d54faec12e1b2fffb58?cid=b1e13d47b67249bda69ed912bb4f7133,1988-10-09,273933,52,0.0327,0.533,0.892,0.00029,0.3,-4.774,0.0388,101.305,4,
18,Un Misil En Mi Placard,Comfort Y Musica Para Volar,https://i.scdn.co/image/ab67616d0000b2733875f29a2a8234ac7ef2706a,Soda Stereo,https://p.scdn.co/mp3-preview/87242cefa72b33538cd35371311347655a802784?cid=b1e13d47b67249bda69ed912bb4f7133,1996-09-01,274586,58,0.00223,0.502,0.782,0.00108,0.907,-7.707,0.0243,95.964,4," 
 
  
 refugiados sobre el divan buscandonos 
 agitados por nuestras formas frustrandonos 
 algo ocurrio una extrana sensacion un presentimiento 
 tuve que dejar de hacer el amor en el momento 
 
  
 fui en busca de un abrigo hacia frio 
 encendi un cigarrillo tenia miedo 
  
 y ahi lo vi un misil en mi placard mi placard 
 un modelo para armar pero nunca para desarmar 
 
  
 
  
 te mire tristemente tristemente 
 no hay mas tiempo que perder sonreiste 
 
  
 estaba ahi un misil en mi placard mi placard 
 un modelo para armar pero nunca para desarmar 
 
  
 aqui tambien 
 ?o creias que estabas lejos? 
 aqui tambien 
 aqui tambien 
 uhh-uh-uh 
 ahhh 
 uhh-uh-uh 
 ahhh 
 un misil en mi placard oh ja 
 un misil en mi placard oh ja 
 aqui tambien  
 un misil en mi placard"
19,Zoom,Gira Me Veras Volver,https://i.scdn.co/image/ab67616d0000b27352cd84d57eb20d5e477a94a9,Soda Stereo,https://p.scdn.co/mp3-preview/2313bcd97b96d8d38446283f8ceaa23d716abd9a?cid=b1e13d47b67249bda69ed912bb4f7133,2008-07-14,197506,48,0.00214,0.565,0.957,0.184,0.856,-4.899,0.033,96.059,4," 
 
  
 quiero un zoom anatomico 
 quiero el fin del secreto 
 entre tus labios de plata 
 y mi acero inolvidable 
 quiero un loop 
 protagonico 
 
  
 pruebame y veras 
 que todos somos adictos 
 a estos juegos de artificio 
 voy a hacerte 
 un macro porno intenso 
 lo que seduce 
 nunca suele estar 
 donde se piensa 
  
 zoom 
 
  
 por aqui ya estuve 
 te largas a reir 
 en tus comisuras 
 dame un zoom 
 luz camara y accion"
20,Te Hacen Falta Vitaminas,Soda Stereo (Remastered),https://i.scdn.co/image/ab67616d0000b2738fd9b16eb6bdd20c95717258,Soda Stereo,https://p.scdn.co/mp3-preview/c95219a7505870d479501a0f84ea4a6bba1e18ad?cid=b1e13d47b67249bda69ed912bb4f7133,1984-02-06,158293,55,0.0516,0.582,0.966,0.231,0.0412,-3.712,0.0675,186.296,4," 
 !uh 
 !ah 
 !au !au !au !au 
 !au !au !au !au 
 !au !au !au !au 
 !yeah 
 
  
 por mas que tengas los volumenes al taco 
 exprimiendo tus membranas 
 saltando como una rana 
 por mas que intentes esquivarlo en algun vuelo 
 hay algo que te ralla 
 algo anda mal mal mal algo falla 
 dando vueltas por tu cuarto sin sentido 
 esperando algun milagro y no pasa nada 
  
 !oye te hacen falta vitaminas 
 !oye te hacen falta vitaminas 
 !au 
 
  
 depresiones obsesiones 
 ?hasta cuando seguiran esas canciones? 
 ?que esperas para soltarte para animarte? 
 ?o supones que alguien viene a despertarte? 
 
  
 !oye te hacen falta vitaminas  
 !oye te hacen falta vitaminas  
 
  
 va a ser mejor que te levantes de una vez 
 
  
 
  
 !oye te hacen falta vitaminas 
 !oye te hacen falta vitaminas  
 !oye te hacen falta vitaminas  
 !oye te hacen falta vitaminas  
 !oye te hacen falta vitaminas  
 !oye te hacen falta vitaminas  minas minas"
21,Hombre Al Agua,Cancion Animal (Remastered),https://i.scdn.co/image/ab67616d0000b273c451ed28353639e79b4d97d9,Soda Stereo,https://p.scdn.co/mp3-preview/00a46249b4ba3c2e35647c1b356ae0776b877247?cid=b1e13d47b67249bda69ed912bb4f7133,1990-10-09,355066,49,0.00916,0.603,0.657,0.0167,0.0704,-7.938,0.0265,97.113,4," 
 
  
 meses navegando 
 tierra a la vista 
 todo volvera a ser como fue 
 las luces en la costa 
 son faros del pasado 
 todo volvera a ser como fue 
 
  
 y cuando salto de cubierta 
 y me abandono a la corriente 
 
  
 
  
 nuevas formas crecen 
 son tan atractivas 
 quiero descansar de todo ayer 
 
  
 y voy flotando por el rio 
 voy envuelto en la corriente 
 
  
 hombre al agua 
 voces que se agitan 
 hombre al agua 
 barco a la deriva  
 
  
 y voy flotando por el rio 
 descansando en la corriente 
 
  
 hombre al agua 
 voces que se agitan 
 hombre al agua 
 barco a la deriva 
 
  
 amanecio 
  
 me ire con estas olas 
  
 todos gritaran 
 hombre al agua 
 
  
 voces que se agitan 
 barco a la deriva 
 voces que se agitan 
 barco a la deriva 
 voces que se agitan 
 barco a la deriva 
 voces que se agitan 
 barco a la deriva"
22,Sueles Dejarme Solo,Cancion Animal (Remastered),https://i.scdn.co/image/ab67616d0000b273c451ed28353639e79b4d97d9,Soda Stereo,https://p.scdn.co/mp3-preview/0d9fc6280cb19dec58a61f6d68a31379d0f1bd31?cid=b1e13d47b67249bda69ed912bb4f7133,1990-10-09,226920,52,0.000293,0.409,0.71,0.51,0.0827,-6.686,0.0293,153.638,4," 
 
  
 nena nunca voy a ser un superhombre 
 y sueles dejarme solo 
 estoy abriendo el juego un juego electrico 
 y sueles dejarme solo 
 
  
 ay ay ay 
 sin respuesta 
  
 el riesgo es el camino mas intenso 
 y sueles dejarme solo 
 afuera el frio embiste adentro el vertigo 
 y sueles dejarme solo 
 
  
 ay ay ay 
 
  
 
  
 nena nunca voy a ser un superhombre 
 y sueles dejarme solo 
 
  
 sueles dejarme solo 
 sueles dejarme solo"
23,Pic Nic En El 4deg B,Doble Vida (Remastered),https://i.scdn.co/image/ab67616d0000b27382cf3a9e2e2b6b1b3f994d38,Soda Stereo,https://p.scdn.co/mp3-preview/9ed2c8ce7836ff1c61211d26bc8260becc4660d2?cid=b1e13d47b67249bda69ed912bb4f7133,1988-10-09,220240,45,0.0147,0.668,0.885,0.37,0.131,-4.83,0.0284,123.824,4,
24,Disco Eterno,Sueno Stereo (Remastered),https://i.scdn.co/image/ab67616d0000b273b50bb73f2ef9047afa0644a4,Soda Stereo,https://p.scdn.co/mp3-preview/556abdb8a270a8b9b09a71befa35e8d9aebf2221?cid=b1e13d47b67249bda69ed912bb4f7133,1995-10-09,346026,51,0.00224,0.549,0.795,0.188,0.293,-7.169,0.0268,150.076,4," 
 
  
 me sali fuera de contexto 
 practicar no te hace perfecto 
 poner un disco eterno 
 moverme con el sol 
 
  
 un espiritu 
 a veces seguro 
 otras veces incierto 
 vengo a descubrir 
 por que este deseo crece 
  
 entre los dos  
 pasa un meridiano 
 latitud  
 vidas paralelas 
 abrir el sueno stereo 
 crear la dimension 
 
  
 sin disimular 
 me voy desnudando con cada sonido 
 alta fidelidad 
 cuando este deseo crece 
 
  
 
  
 un espiritu 
 a veces seguro otras veces incierto 
 quiero descubrir 
 por que este deseo crece 
 
  
 ooh"
25,Te Para 3,Cancion Animal (Remastered),https://i.scdn.co/image/ab67616d0000b273c451ed28353639e79b4d97d9,Soda Stereo,https://p.scdn.co/mp3-preview/b6e6c4bd6c66f9efff29b916f8cece58cdb87251?cid=b1e13d47b67249bda69ed912bb4f7133,1990-10-09,145493,49,0.419,0.595,0.238,2.71e-05,0.153,-12.862,0.0322,116.638,3," 
 
  
 las tazas sobre el mantel 
 la lluvia derramada 
 un poco de miel un poco de miel 
 no basta 
 
  
 el eclipse no fue parcial 
 y cego nuestras miradas 
 te vi que llorabas te vi que llorabas 
 por el 
  
 te para tres 
 
  
 un sorbo de distraccion 
 buscando descifrarnos 
 no hay nada mejor no hay nada mejor 
 que casa 
 
  
 te para tres"
26,Estoy Azulado,Nada Personal (Remastered),https://i.scdn.co/image/ab67616d0000b273e28947f6ad2f100af9c1965a,Soda Stereo,https://p.scdn.co/mp3-preview/84b6c8d4113b6cd8f63a54f9313245ec0bb468c2?cid=b1e13d47b67249bda69ed912bb4f7133,1985-10-09,317013,49,0.3,0.655,0.843,0.116,0.0954,-6.519,0.0959,130.154,4," 
 
  
 sola vino a mi ficcion 
 sin dudar a acompanarme 
 signos  sin traduccion 
 silencio insuperable 
 
  
 ?cuanto habre cambiado 
 que se habra gastado? 
 podria comunicarme 
 pero siento tanto la erosion 
  
 cerca de su atraccion 
 tropiezo con mis manos 
 sufro otra mutacion 
 un color azulado 
 
  
 algo esta ligandome 
 cuando estoy azulado 
 quiero recuperarme a su lado 
 
  
 azulado 
 
  
 a su lado cambiaria de color 
 a tu lado oh oh oh 
 a su lado cambiaria de color 
 a tu lado oh oh oh 
 
  
 porque algo esta ligandome 
 cuando estoy azulado 
 quiero recuperarme 
 
  
  
  
 !estoy azulado 
 azulado ooh 
 azulado 
 !estoy"
27,Por Que No Puedo Ser Del Jet Set?,Soda Stereo (Remastered),https://i.scdn.co/image/ab67616d0000b2738fd9b16eb6bdd20c95717258,Soda Stereo,https://p.scdn.co/mp3-preview/b21ec1c97ac4049c617e0b81082b69a5b78f5b5c?cid=b1e13d47b67249bda69ed912bb4f7133,1984-02-06,140346,50,0.0974,0.63,0.973,0.391,0.288,-3.356,0.135,178.183,4,
28,Paseando Por Roma,Sueno Stereo (Remastered),https://i.scdn.co/image/ab67616d0000b273b50bb73f2ef9047afa0644a4,Soda Stereo,https://p.scdn.co/mp3-preview/90640330b6d8e085c8694413c41a9b4c8334a075?cid=b1e13d47b67249bda69ed912bb4f7133,1995-10-09,214186,49,0.000928,0.515,0.734,0.0461,0.09,-5.547,0.0357,127.746,4," 
 
 ahora es hora de colgar 
 estoy perdido en la linea 
 son las doce y te llame 
 desespero 
 pero es mejor decir adios 
 e intentar manana 
 
 ahora es hora de volver 
 esta noche soy un simulcop 
 todo el tiempo me encontre 
 dando vueltas 
 es extrana esta ciudad 
 o yo estoy fuera de escala 
 ahora es hora y no fue ayer 
 mis amigos 
 he cambiado pero aun mi corazon 
 permanece intacto intacto tan intacto como ayer 
 nada mas para decir solo 
 
 !hasta manana"
29,Luna Roja,Dynamo (Remastered),https://i.scdn.co/image/ab67616d0000b273b755f1b1b4410d404fe21167,Soda Stereo,https://p.scdn.co/mp3-preview/34fa3b79684a8f3ee37cdaa646e61317027ff1a0?cid=b1e13d47b67249bda69ed912bb4f7133,1992-10-09,330600,48,1.21e-05,0.331,0.543,0.533,0.0836,-8.584,0.0328,94.079,4," 
 
  
 el salio y dejo la casa vacia 
 se entrego al suave aire del desierto 
 y entonces la vio 
 
  
 la luna roja 
 sobre el mar negro 
 luna roja 
  
 primero leon luego cordero 
 ruega a dios poder volver del desierto 
 desde que vio 
 
  
 la luna roja 
 sobre el mar negro 
 luna roja 
 
  
 cuidame yo te cuidare 
 yo tambien pague placeres ciegos 
 no quiero ver 
 
  
 la luna roja 
 sobre el mar negro 
 luna roja 
 luna roja 
 
  
 es peligrosa es peligrosa 
 es peligrosa es peligrosa 
 y te hace mortal y te hace mortal 
 y te hace mortal"
30,Primavera 0,Dynamo (Remastered),https://i.scdn.co/image/ab67616d0000b273b755f1b1b4410d404fe21167,Soda Stereo,https://p.scdn.co/mp3-preview/8f5098adea061bb59f4fa6d079dcdc89605e46b1?cid=b1e13d47b67249bda69ed912bb4f7133,1992-10-09,221440,49,0.00111,0.385,0.759,0.0448,0.0941,-6.72,0.0436,134.023,4," 
 
  
 fluorescente azul luz que bana mis sentidos 
 donde todo empieza a ser real 
 siempre vuelve a dar nuevas chances una vuelta mas 
 entera 
 
  
 nena tal vez fui un sueno de otro un rumbo incierto 
 la verdad es que nadie vive sin amor 
 ahora estoy aqui temblando fragil en la multitud 
 y la espero 
  
 primavera cero 
 primavera cero 
 
  
 el avion se va 
 recuerdos del futuro juntos 
  
 
  
  
 te espero 
 
  
 
  
 aah aah aah aah 
 aah aah aah aah 
 aah aah aah aah 
 aah aah 
 ah-ah-ah ah-ah-ah ah-ah-ah ah-ah-ah 
 ah-ah-ah ah-ah-ah ah-ah-ah ah-ah-ah 
 ah-ah-ah ah-ah-ah 
 
  
 primavera cero 
 primavera cero 
 primavera cero 
 prima-ve-ra ce-ro"
31,Imagenes Retro,Nada Personal (Remastered),https://i.scdn.co/image/ab67616d0000b273e28947f6ad2f100af9c1965a,Soda Stereo,https://p.scdn.co/mp3-preview/ccfab0dad81cc2a294be718fdd7c6d54fa8a2a0b?cid=b1e13d47b67249bda69ed912bb4f7133,1985-10-09,229813,47,0.0814,0.67,0.932,0.00131,0.18,-4.395,0.0428,127.178,4," 
 
  
 debo tomar el antidoto 
 para romper con la rigidez 
 vivo como un sonambulo 
 buscando pliegues en la pared oh 
 
  
 telaranas 
 sueno con telaranas 
 telaranas que cuelgan de mi 
  
 esto parece un museo de cera 
 un simulacro demasiado real 
 debo encontrar algun sitio afuera 
 debo cambiar la escena 
 
  
 entre telaranas 
 sueno con telaranas 
 telaranas que cuelgan de mi 
 
  
 mis ojos perciben otra vez imagenes retro 
 asi es la trama de este film 
 tu propio reflejo reflejo 
 
  
 mis ojos perciben otra vez imagenes retro 
 reproduciendose sin fin 
 dejandome inmovil 
 
  
 entre telaranas 
 sueno con telaranas 
 telaranas que cuelgan de mi 
 telaranas 
 sueno con telaranas 
 telaranas 
 telaranas que cuelgan de mi"
32,Te Para 3,Comfort Y Musica Para Volar,https://i.scdn.co/image/ab67616d0000b2733875f29a2a8234ac7ef2706a,Soda Stereo,https://p.scdn.co/mp3-preview/f0270e0e3a462da940207eb461a987df0a48068f?cid=b1e13d47b67249bda69ed912bb4f7133,1996-09-01,247000,61,0.707,0.523,0.339,0.0111,0.709,-9.913,0.0275,115.7,3," 
 
  
 las tazas sobre el mantel 
 la lluvia derramada 
 un poco de miel un poco de miel 
 no basta 
 
  
 el eclipse no fue parcial 
 y cego nuestras miradas 
 te vi que llorabas te vi que llorabas 
 por el 
  
 te para tres 
 
  
 un sorbo de distraccion 
 buscando descifrarnos 
 no hay nada mejor no hay nada mejor 
 que casa 
 
  
 te para tres"
33,Cae El Sol,Cancion Animal (Remastered),https://i.scdn.co/image/ab67616d0000b273c451ed28353639e79b4d97d9,Soda Stereo,https://p.scdn.co/mp3-preview/0b924e0d6a6c026a072a1b872d22df78a13ed3b8?cid=b1e13d47b67249bda69ed912bb4f7133,1990-10-09,262746,45,0.0149,0.543,0.829,0.06,0.552,-6.823,0.0339,94.147,4," 
 
 y cada vez que vuelvo 
 tus ecos estan 
 y queria despertarme 
 y al fin con vos volver a jugar 
 
 cae el sol y aun sigo sonando 
 sale el sol y no te puedo encontrar 
 
 y cada vez que vuelvo aqui 
 siento que vos 
 me arrojaste a la inercia 
 sin novedad sin decepcion 
 cae el sol y aun sigo sonando 
 sale el sol y no te puedo encontrar 
 
 y cada vez que vuelvo 
 un mismo final 
 afuera el mundo sigue 
 soy uno mas buscando en el mar 
 
 cae el sol 
 un extrano destino 
 una oscura verdad 
 tan solo tropiezos 
 amar o callar 
 anduve caminando 
 por calles al azar 
 por calles vacias 
 buenos aires buenos aires 
 humedad 
 
 cae el sol 
 sale el sol 
 y cada vez que vuelvo 
 cae el sol 
 y cada vez que vuelvo aqui 
 sale el sol 
 y cada vez que vuelvo aqui 
 sale el sol"
34,El Ritmo De Tus Ojos,Doble Vida (Remastered),https://i.scdn.co/image/ab67616d0000b27382cf3a9e2e2b6b1b3f994d38,Soda Stereo,https://p.scdn.co/mp3-preview/ab8643032037f50a10e8db147e065fc9bb108b00?cid=b1e13d47b67249bda69ed912bb4f7133,1988-10-09,237200,44,0.0873,0.714,0.942,0.00415,0.122,-5.013,0.039,107.314,4,"muestrame tu cruz 
 el ritmo de tus ojos 
 sos parte del iman 
 que me aleja de este mundo 
 
 aqui no queda nada en pie 
 como un castigo 
 
 muestrame tu soul 
 y el ritmo de tus ojos 
 el amor no es tan certero no 
 como este tiempo hipnotico 
 algun consuelo debe haber 
 algun abrigo 
 te doy palabras de placer 
 hablarte sucio al oido... 
 
 tienes el coctel que envenenara 
 mi soledad 
 
 un flash sobre tu rouge 
 y el ritmo de tus ojos 
 impulso homicida 
 escena repetida 
 
 aqui no queda nada en pie 
 como un castigo 
 
 tienes el coctel que envenenara 
 mi soledad 
 
 estoy solo y con mis botas llenas de lluvia 
 y vos bailando con las medias hasta la rodilla 
 todo es una veloz pelicula muda 
 se cuando mientes se cuando dudas 
 
 tienes el coctel que envenenara 
 mi soledad 
 tienes el coctel que envenenara 
 y es el ritmo de tus ojos"
35,Mundo De Quimeras,Languis (Remastered),https://i.scdn.co/image/ab67616d0000b2732e9e8a332d0848ff98651943,Soda Stereo,https://p.scdn.co/mp3-preview/414707058030070eea4cecfcc0d2d65c32366228?cid=b1e13d47b67249bda69ed912bb4f7133,1989-02-28,401266,44,0.301,0.703,0.916,0.002,0.128,-6.673,0.0501,115.782,4," 
 
 prendan hogueras 
 hogueras negras sin temor 
 prendan hogueras 
 al cabo todo ira mejor 
 
 ojos en llamas 
 arde mi cama arde nirvana 
 y quema 
 la tina llena 
 corto mis venas corto mis venas 
 y sangra 
 
 prendan hogueras 
 hogueras negras sin temor 
 prendan hogueras 
 al cabo todo ira mejor 
 
 calma su lema 
 la pocion que envenena 
 pocion que envenena 
 espera 
 pinta tu aldea 
 mundo de quimeras mundo de quimeras 
 y arenas prendan hogueras 
 hogueras negras sin temor 
 prendan hogueras 
 al cabo todo ira mejor 
 
 la gente no cree 
 que un cuerpo inflamable un cuerpo inflamable 
 es presa facil 
 prendanme fuego 
 mi carne quemada mi carne quemada 
 es menos fragil 
 
 por mas agujas que me claven 
 es evidente 
 si la suerte ha sido echada 
 voy a rociarme e incinerarme 
 
 prendan hogueras 
 hogueras negras sin temor 
 prendan hogueras 
 quimeras sin supersticion 
 
 prendan hogueras 
 mundo de quimeras 
 prendan hogueras 
 mundo de quimeras 
 prendan hogueras  
 mundo de quimeras 
 prendan hogueras  
 mundo de quimeras 
 prendan hogueras"
36,Terapia De Amor Intensiva,Doble Vida (Remastered),https://i.scdn.co/image/ab67616d0000b27382cf3a9e2e2b6b1b3f994d38,Soda Stereo,https://p.scdn.co/mp3-preview/2943ecb48f60ff633a0e58b9028693bb42aa1f5d?cid=b1e13d47b67249bda69ed912bb4f7133,1988-10-09,340213,42,0.251,0.593,0.672,0.418,0.555,-7.417,0.0256,91.294,4," 
 
  
 tal vez juguemos toda la vida aqui 
 y lo que la asfixia no pueda abatir 
 no morira 
 lo que debe sobrevivir 
 a una terapia de amor intensiva 
 
  
 si algo esta enfermo esta con vida 
 y lo que tus labios no puedan besar 
 se esfumara 
 y no escucharas mas palabras lascivas 
 en la terapia de amor intensiva 
  
  
 lo sucedido nos lastima 
 nuestro pasado nos suele matar 
 credulidad 
 solo puede sobrevivir 
 nuestro amor en terapia intensiva 
 incentiva 
 oh-oh intensiva 
 
  
 hare lo que me pidas 
 hare que me lo pidas 
 hare lo que me pidas 
 hare lo que me pidas 
 hare que me lo pidas 
 hare lo que me pidas 
 hare lo que me pidas 
 hare que me lo pidas 
 hare lo que me pidas"
37,Dia Comun- Doble Vida,Doble Vida (Remastered),https://i.scdn.co/image/ab67616d0000b27382cf3a9e2e2b6b1b3f994d38,Soda Stereo,https://p.scdn.co/mp3-preview/bada973a791461dcc37cc9b055f53dc00d75d16c?cid=b1e13d47b67249bda69ed912bb4f7133,1988-10-09,279280,43,0.0532,0.679,0.956,0.000521,0.184,-4.024,0.0675,117.199,4,
38,Crema De Estrellas,Sueno Stereo (Remastered),https://i.scdn.co/image/ab67616d0000b273b50bb73f2ef9047afa0644a4,Soda Stereo,https://p.scdn.co/mp3-preview/3170ade6d8207362e5a79f54f510fe836c2c871a?cid=b1e13d47b67249bda69ed912bb4f7133,1995-10-09,277120,45,0.2,0.531,0.372,0.00159,0.345,-11.834,0.0254,137.46,4," 
 
  
 lo que irradia esta noche es especial 
 sobre el lago resplandece 
 esperaba una tenue aparicion 
 nebulosa como siempre 
 
  
 e imagine su rostro vivido ah 
 
  
 cuando esta oscuro todo empieza a verse mas claro 
 en mi constelacion 
 
  
 recorde sus gustos conversacion astral 
 las canciones que oiamos 
 su cuerpo lunar refugio celestial 
 y el ph de su saliva 
 
  
 y me perdi en la inmensa quietud 
 
  
 una crema de estrellas parece cubrirlo todo 
 en mi constelacion  
 recorde su gustos conversacion astral 
 las canciones que oiamos 
 y subi 
 y subi"
39,Vita-Set,Ruido Blanco (Remastered),https://i.scdn.co/image/ab67616d0000b27361a2b73032226d3de6b65302,Soda Stereo,https://p.scdn.co/mp3-preview/5d32b0c05cb9b79b45edd6cc1c09e0e370e426fd?cid=b1e13d47b67249bda69ed912bb4f7133,1987-10-09,266826,39,0.0893,0.271,0.978,0.588,0.96,-4.654,0.178,178.936,4," 
 
  
 el vita-set 
 
  
 
  
 por mas que tengas los volumenes al taco 
 exprimiendo tus membranas 
 saltando como una rana 
 por mas que intentes esquivarlo en algun vuelo 
 hay algo que te ralla 
 algo anda mal mal mal algo falla 
 dando vueltas por tu cuarto sin sentido 
 esperando algun milagro y no pasa nada 
  
 !oye te hacen falta vitaminas 
 !oye te hacen falta vitaminas 
 
  
 de-de-de-depresiones obsesiones 
 ?hasta cuando seguiran esas canciones? 
 ?que esperas para soltarte para animarte? 
 ?o supones que alguien viene a despertarte? 
 
  
 !oye te hacen falta vitaminas 
 !oye te hacen falta vitaminas 
 
  
 
  
 va a ser mejor que te levantes de una vez 
 
  
 
  
 !jet-set 
 
  
 jet-set 
 ?por que no puedo ser del jet-set? 
 jet-set 
 yo solo quiero ser del jet-set  
 tengo mi agenda perfumada 
 todas mis noches programadas 
 voy a esos clubes re privados 
 y me alquile un convertible colorado 
 con esa gente diferente 
 yo me codeo !que tipo inteligente 
 tengo el bolsillo agujereado 
 pero al menos tengo un rolex 
 lo he logrado 
 
  
 jet-set 
 jet-set 
 jet-set 
 jet-set 
 
  
 es el sueno de mi vida 
 que una mujer me espere en la colina 
 labios prohibidos vestido escotado 
 yo con mi auto los vidrios empanados 
 caviar champagne un solo de organo sensual 
 y esa piel !que nivel quiero mas 
 !nene por favor cambia de canal  
 jet-set 
 jet-set 
 jet-set 
 jet-set 
 
  
 el show debe seguir esta todo ok 
 lo que para arriba es excentrico 
 para abajo es ridiculez 
 
  
 jet-set 
 jet-set 
 jet-set-set 
 jet-set jet-set jet-set jet-set jet-set 
 jet-set jet-set jet-set jet-set jet-set 
 jet-set"
40,Si No Fuera Por...,Nada Personal (Remastered),https://i.scdn.co/image/ab67616d0000b273e28947f6ad2f100af9c1965a,Soda Stereo,https://p.scdn.co/mp3-preview/0253e86a0eac2075a542cae6528827c0f2c10df6?cid=b1e13d47b67249bda69ed912bb4f7133,1985-10-09,207640,50,0.0183,0.605,0.855,0.00404,0.242,-5.25,0.047,172.275,4,
41,Zona de Promesas,Obras Cumbres (Parte 2),https://i.scdn.co/image/ab67616d0000b2731bbe81fc1e928f05149e49ab,Soda Stereo,https://p.scdn.co/mp3-preview/67d248c8ff952378ae7fb22c5a3bc11ea82048b8?cid=b1e13d47b67249bda69ed912bb4f7133,2006-10-31,238973,43,0.0181,0.191,0.378,0.633,0.158,-8.874,0.03,75.843,3," 
 
  
 mama sabe bien 
 perdi una batalla 
 quiero regresar 
 solo a besarla 
 
  
 no esta mal ser mi dueno otra vez 
 ni temer que el rio sangre y calme 
 al contarle mis plegarias 
  
 tarda en llegar y al final 
 y al final al final 
 hay recompensa 
 
  
 mama sabe bien 
 pequena princesa 
 cuando regrese 
 todo quemaba 
 
  
 no esta mal sumergirme otra vez 
 ni temer que el rio sangre y calme 
 se bucear en silencio 
 
  
 tarda en llegar 
 y al final al final 
 hay recompensa 
 
 tarda en llegar 
 y al final al final 
 hay recompensa 
 
 tarda en llegar 
 y al final al final 
 hay recompensa tarda en llegar 
 y al final al final 
 hay recompensa 
 en la zona de promesas"
42,Fue,Gira Me Veras Volver,https://i.scdn.co/image/ab67616d0000b273219643d9e55befe5809ababd,Soda Stereo,https://p.scdn.co/mp3-preview/d7b50e1c27f92580e0a4f050f31fed61f5dfdd32?cid=b1e13d47b67249bda69ed912bb4f7133,2008-07-14,277666,46,0.514,0.339,0.44,0.151,0.702,-11.933,0.0369,129.573,4," 
 
  
 he llegado hasta el fin 
 con los brazos cansados 
 tantas veces te vi 
 simulando un olvido 
 
  
 y eso paso 
  
 me embriague hasta el vacio 
 con tu miel venenosa 
 fuiste mia y el hastio 
 nos llevo al desengano 
 
  
 y eso paso 
 
  
 fue 
 fue 
 y fue 
 
  
  
 
  
 suaves telas sobre el piso 
 una parte de la euforia 
 y lo mas resbaladizo 
 es creernos sin memoria 
 
  
 y eso paso  
 fue 
 y fue 
 y fue 
 y fue  
 y fue  
 fue ah 
 ah"
43,No Existes,Signos (Remastered),https://i.scdn.co/image/ab67616d0000b2734a6f5598c41e77ae78cab725,Soda Stereo,https://p.scdn.co/mp3-preview/f42041283a34f77bea53fd031c2fb41b5d7b79ee?cid=b1e13d47b67249bda69ed912bb4f7133,1986-10-09,283613,46,0.009,0.23,0.863,0.000682,0.219,-5.213,0.0854,79.648,4," 
 
  
 alguna vez fue que planeamos 
 hacernos todo el dano de una vez 
 dictando una sentencia desafiante 
 
  
 no existes 
 no existes 
 no existes 
 no existes 
  
 la polaroid sobre la silla 
 un brillante truco de apariencias 
 tu presencia es mi pesadilla 
 
  
 no existes 
 no existes 
 no existes 
 no existes 
 
  
 como un extrano tic nervioso 
 arrojo palabras 
 gestos contra la pared oh 
 
  
 toda una noche embalsamados 
 golpee las mismas caras una y otra vez 
 temi por mi cerebro aprisionado 
 en una trama vulgar 
 quizas deba tomarme una revancha 
 aun tenemos cuentas que saldar 
 deslizare mi puno por tu espalda 
 
  
 no existes 
 no existes 
 no existes 
 no existes  
 como un extrano tic nervioso 
 arrojo palabras 
 gestos contra la pared 
 un pulso salvaje 
 
  
 destellos contra la pared 
 
  
 no existes 
 no existes 
 no existes 
 no existes 
 no existes 
 no existes 
 no existes 
 no existes 
 no existes"
44,1990 ,Cancion Animal (Remastered),https://i.scdn.co/image/ab67616d0000b273c451ed28353639e79b4d97d9,Soda Stereo,https://p.scdn.co/mp3-preview/3911d9c6fa0a78f78347ce1f0cd33c92f5764ca2?cid=b1e13d47b67249bda69ed912bb4f7133,1990-10-09,218746,48,0.0112,0.548,0.727,0.00687,0.174,-7.68,0.0286,95.112,4,
45,En El Borde,Doble Vida (Remastered),https://i.scdn.co/image/ab67616d0000b27382cf3a9e2e2b6b1b3f994d38,Soda Stereo,https://p.scdn.co/mp3-preview/f1873411a22164e0577e48fe5b5f86eabd103b09?cid=b1e13d47b67249bda69ed912bb4f7133,1988-10-09,282480,44,0.248,0.624,0.976,0.00209,0.247,-5.513,0.106,95.309,4," 
 
 ansiedad 
 mirada ausente 
 no deberia esperar 
 no hay sosiego 
 en este tiempo 
 ciego de amor 
 
 que esta en el borde 
 sobre algun final 
 baila el hombre 
 que ardera en su piel 
 mientras canta 
 una sirena viola un cristal 
 frivoliza sus anhelos 
 mujer sin piedad sin piedad 
 
 y esta en borde 
 sobre algun final 
 grita el nombre 
 de quien la hace infiel 
 
 no hablare del final 
 no hablare del final 
 
 taxi acostumbrado encuentro 
 frio impuntual 
 en el lugar registra el cielo 
 todo lo que puede amar 
 
 esta en el borde 
 
 im on the edge 
 and i just dont care 
 if you find me here or you find me there 
 cause things are really taking their turn 
 and i just dont know if i will be burned so take a look inside you see 
 and you will see that you are not me 
 so take it easy and dont be so so so so 
 on the edge  
  
 
 take it easy 
 quite desperation 
 and your will see that theres no isolation 
 history of love 
 later well try 
 and this and that 
 but mostly lies 
 so if you want me to be that way 
 say say say say 
 
 no hablare del final 
 por ninguna razon 
 en silencio despertaras 
 de tu historia de amor 
 cuando arrojes al mar 
 las cenizas de la pasion 
 no hablare del final 
 por ninguna razon"
46,Camaleon,Dynamo (Remastered),https://i.scdn.co/image/ab67616d0000b273b755f1b1b4410d404fe21167,Soda Stereo,https://p.scdn.co/mp3-preview/e6cd3cc7f922521aa634eef763443e40443c1a7c?cid=b1e13d47b67249bda69ed912bb4f7133,1992-10-09,281480,42,8.92e-05,0.374,0.92,0.491,0.0864,-7.561,0.0478,195.93,4," 
 
  
 ah hm hmm ah hm hmm 
 ah hm hmm ah hm hmm  
 ah hm hmm ah hm hmm 
 ah hm hmm ah hm hmm 
 ah hm hmm ah hm hmm 
 ah hm hmm ah hm hmm 
 
  
 camaleon se armo la escena justa 
 vos y yo juntos somos como un templo 
 el color nos mimetiza 
 y el frenesi nos suele llegar a tiempo 
  
 te menti y me dejaste hacerlo 
 pero igual jamas voy a enganarte  
 soledad mi cuerpo sigue ardiendo 
 tanto hablar de un sueno recurrente 
 
  
 alguna vez que te perdi el rastro sospeche 
 sabias donde esconderte 
 y ya no importa saber el final 
 solo amarte y cruzar el fuego ah-ah-aah ah-ah 
 
  
 ?como sigue? 
 ?como sigue esto? 
 ?como sigue? 
 ?como sigue esto? 
  
 
  
 camaleon nos quedamos solos 
 camaleon 
 camaleon nos quedamos solos 
 camaleon 
 camaleon si nos quedamos solos 
 camaleon  
 camaleon nos quedamos solos 
 camaleon  
 
  
 camaleon si nos quedamos solos 
 camaleon 
 "
47,Toma La Ruta,Dynamo (Remastered),https://i.scdn.co/image/ab67616d0000b273b755f1b1b4410d404fe21167,Soda Stereo,https://p.scdn.co/mp3-preview/f0661f154047030d715be8b5c95a763be6d93e36?cid=b1e13d47b67249bda69ed912bb4f7133,1992-10-09,269146,43,3.42e-06,0.446,0.909,0.729,0.387,-7.154,0.0641,115.967,4," 
 
  
 no preguntes mas por mi nadie sabe nada 
 no estes preocupada yo la paso bien 
 
  
 maaal 
 despues de tanto andar tanto andar 
 maa-aal 
 estas en el mismo lugar mismo lugar 
  
 probaste luna y bebiste cielo 
 y a veces suenas con volver a los viejos buenos tiempos 
 
  
 maaal 
 despues de tanto andar tanto andar 
 maaal 
 estas en el mismo lugar mismo--mismo lugar 
 
  
 sal del camino maaal 
 toma la ruta sera diferente diferente diferente 
 
  
 maaal 
 y si despues de andar tanto andar 
 maaal 
 estas en el mismo lugar mismo lugar 
 
 maaal 
 despues de tanto andar tanto andar 
 maaal 
 estas en el mismo lugar mismo lugar 
 
  
 toma la ruta 
 sal del camino y toma la ruta"
48,Nuestra Fe,Dynamo (Remastered),https://i.scdn.co/image/ab67616d0000b273b755f1b1b4410d404fe21167,Soda Stereo,https://p.scdn.co/mp3-preview/e44caf6d17217fab3d8f35c2013a4aef44ecf1e1?cid=b1e13d47b67249bda69ed912bb4f7133,1992-10-09,396546,42,0.000207,0.486,0.868,0.437,0.153,-8.266,0.0379,100.004,4," 
 
  
 bajo esta piel 
 que estoy mudando 
 encendi un amanecer 
 
  
 que no para de crecer 
 que no para de crecer 
  
 y con el sol de abril 
 y sin saber por que 
 estoy sudando en nuestra fe 
 
  
 que no para de crecer 
 que no para de crecer 
 
  
 tengo aqui el cristal 
 en mis manos 
 ya soy todo un corazon 
 
  
 
  
 que no para de crecer 
 que no para de crecer 
 
  
 oh oh oh-oh 
 oh oh oh-oh 
 oh oh oh-oh 
 oh oh oh-oh 
 oh oh oh 
 oh oh 
 oh oh 
 oh oh oh 
 oh oh oh  
  
  
 que no para de crecer  
 ya no para de crecer  
 el poder de nuestra fe  
 que no para de crecer  
 
  
  
  
  
  
 "
49,Claroscuro,Dynamo (Remastered),https://i.scdn.co/image/ab67616d0000b273b755f1b1b4410d404fe21167,Soda Stereo,https://p.scdn.co/mp3-preview/4f9514bb53f97dc0bc548c98b806bc10e0e43a84?cid=b1e13d47b67249bda69ed912bb4f7133,1992-10-09,244560,41,0.0002,0.574,0.738,0.834,0.176,-8.756,0.0434,115.965,4," 
 
 cuando rio de placer 
 y me quedo solo suspirando formas de humo ... 
 
 dulce criatura 
 nunca estas segura 
 y yo soy tan dependiente de tu amor 
 
 no me sigas no se donde voy 
 las cenizas vuelan en un claroscuro y me nublan 
 paso la frontera 
 del dolor suicida 
 alma fugitiva liberame 
 cuando estes dormida 
 volvere a tocarte 
 me confiaste ser tu angel 
 aunque 
 
 dulce criatura 
 nunca estas segura 
 ya no tengas dudas 
 soy tan dependiente de tu amor"
